{"metadata":{"name":"Lab _loading and viewing data","description":"","tags":["notebook","dsx"],"asset_type":"notebook","origin_country":"us","created_at":"2020-04-12T07:52:34Z","created":1586677954915,"project_id":"python-project-for-data-science-FP361a3c","asset_id":"notebook.a834519c-5691-4725-897c-a773a0471b27","sandbox_id":"python-project-for-data-science-FP361a3c","last_modified":"2020-04-12T07:52:34Z","asset_attributes":["notebook"],"usage":{"last_update_time":1586677954915,"last_updated_at":"2020-04-12T07:52:34Z"}},"entity":{"notebook":{"kernel":{"display_name":"Python 3.6","name":"python3","language":"python"},"originates_from":{"type":"blank"}}},"attachments":[{"asset_type":"notebook","name":"attachment for notebook d624ed10-4385-4817-b4df-c38af6b99eab","description":"attachment for notebook d624ed10-4385-4817-b4df-c38af6b99eab","mime":"application/json","object_key":"Lab _loading and viewing data_yRzc8Btqz.ipynb","object_key_is_read_only":false,"created_at":"2020-04-12T07:52:34Z","id":"e4b0e6a3-5500-44b0-9b46-c1ca01d45e7e","is_managed":false,"is_referenced":true,"is_remote":false}]}